ID,Gender,Title,Name,Nick Name,Surname,DPM (ID),Department Name,Position,Branch (ID),Branch Name,Pwd Lifetime (Days),Last Reset Pwd,Locked,Menu Group Right (ID),Menu Group Right (Name),Status,Cr Off (ID),Cr Off (Name),Create Time,UOff (ID),UOff (Name),Update Time,Replicate Time,Counter
"5,667",Female,นางสาว,ชญานิศ,,จุฑาจำเริญ,314,ID335 : Studio 7-Central-Pinklao,Branch Sales Manager,335,ID335 : Studio 7-Central-Pinklao,72,ศ. 26/06/2569 12:06:34,FALSE,1,ADMIN,FALSE,"3,287",พีรพงศ์,ศ. 17/06/2554 10:13:10,"32,662",ณรงค์,พ. 08/07/2569 10:41:21,ศ. 17/06/2554 10:13:10,1
"6,118",Male,นาย,อัครวัฒน์,,เอื้ออารีดำรงสุข,314,ID335 : Studio 7-Central-Pinklao,PIS,335,ID335 : Studio 7-Central-Pinklao,466,พ. 28/05/2568 12:43:04,FALSE,1,ADMIN,FALSE,"4,348",ณัฏฐฤทธิ์,ส. 01/10/2554 09:45:41,"32,662",ณรงค์,พ. 08/07/2569 10:34:38,ส. 01/10/2554 09:45:41,1
"9,007",Female,นางสาว,เรนุกา,,ปรางค์จันทร์,314,ID335 : Studio 7-Central-Pinklao,Assistant Branch Sales Manager,335,ID335 : Studio 7-Central-Pinklao,59,พฤ. 09/07/2569 12:22:44,FALSE,1,ADMIN,FALSE,"6,957",พนิตานันท์,พ. 27/02/2556 16:32:13,"9,007",เรนุกา,พฤ. 09/07/2569 12:22:44,พ. 27/02/2556 16:32:13,1
"13,006",Male,นาย,ณัฐวัฒน์,,ศักดาไสวกุล,314,ID335 : Studio 7-Central-Pinklao,PIS,335,ID335 : Studio 7-Central-Pinklao,-1,,,1,ADMIN,FALSE,"6,442",พรทิพย์,ศ. 22/01/2559 11:54:38,"12,147",กาญจน์ชฎาภา,จ. 22/09/2568 09:38:05,ศ. 22/01/2559 11:54:38,1
"13,858",Male,นาย,ปัญญา,,จรูงจิตรอารี,314,ID335 : Studio 7-Central-Pinklao,Store Trainer,335,ID335 : Studio 7-Central-Pinklao,-1,,,1,ADMIN,FALSE,"13,727",ศรัณย์รักษ์,พ. 28/09/2559 13:16:48,"32,662",ณรงค์,พ. 08/07/2569 10:34:46,พ. 28/09/2559 13:16:48,1
"15,869",Male,นาย,แทน,,ฮัตเจสสัน,314,ID335 : Studio 7-Central-Pinklao,PIA,335,ID335 : Studio 7-Central-Pinklao,-1,,,1,ADMIN,FALSE,"14,419",อภิญญา,พ. 21/03/2561 14:24:33,"32,662",ณรงค์,พ. 08/07/2569 10:34:49,พ. 21/03/2561 14:24:33,1
"20,186",Female,นางสาว,สุนิสา,,ปิยะอมรชัย,314,ID335 : Studio 7-Central-Pinklao,PIA,335,ID335 : Studio 7-Central-Pinklao,-1,,,1,ADMIN,FALSE,"6,785",ณภัชชา,จ. 01/06/2563 14:02:15,"32,662",ณรงค์,พ. 08/07/2569 10:34:55,จ. 01/06/2563 14:02:15,1
"22,021",Male,นาย,ชญานนท์,,ขันทองคำ,314,ID335 : Studio 7-Central-Pinklao,PIA,335,ID335 : Studio 7-Central-Pinklao,-1,,,0,,FALSE,"13,859",สุกัญญา,อ. 23/02/2564 13:32:58,"32,662",ณรงค์,พ. 08/07/2569 10:34:59,อ. 23/02/2564 13:32:58,1
"23,670",Female,นางสาว,นพวรรณ,,อินทนนท์ศักดิ์,314,ID335 : Studio 7-Central-Pinklao,PIA,335,ID335 : Studio 7-Central-Pinklao,-1,,,0,,FALSE,"13,859",สุกัญญา,จ. 21/03/2565 14:16:26,"32,662",ณรงค์,พ. 08/07/2569 10:35:04,จ. 21/03/2565 14:16:26,1
"24,634",Male,นาย,พรหมนุสรณ์,เอ็ม,เพ่งผล,314,ID335 : Studio 7-Central-Pinklao,PIA,335,ID335 : Studio 7-Central-Pinklao,-1,,,0,,FALSE,"24,140",ปานหทัย,อ. 06/09/2565 10:00:06,"12,147",กาญจน์ชฎาภา,จ. 22/09/2568 09:38:47,อ. 06/09/2565 10:00:06,1
"25,864",Female,นางสาว,ปิยพร,,แสงเฟื่อง,314,ID335 : Studio 7-Central-Pinklao,Demo Presenter,335,ID335 : Studio 7-Central-Pinklao,-1,,,0,,FALSE,"24,140",ปานหทัย,พฤ. 02/03/2566 18:06:34,"12,147",กาญจน์ชฎาภา,จ. 22/09/2568 09:38:56,พฤ. 02/03/2566 18:06:34,1
"26,562",Male,นาย,ธนกฤต,,บุญญา,314,ID335 : Studio 7-Central-Pinklao,PIA BTB Dedicate,335,ID335 : Studio 7-Central-Pinklao,-1,,,0,,FALSE,"6,785",ณภัชชา,พฤ. 29/06/2566 21:57:03,"29,919",ณฐกันต์,อ. 30/12/2568 10:13:10,พฤ. 29/06/2566 21:57:03,1
"27,050",Male,นาย,จิรภัทร,,ยาวรัมย์,314,ID335 : Studio 7-Central-Pinklao,PIA,335,ID335 : Studio 7-Central-Pinklao,-1,,,0,,FALSE,"24,140",ปานหทัย,พฤ. 07/09/2566 16:15:36,"12,147",กาญจน์ชฎาภา,จ. 22/09/2568 09:39:03,พฤ. 07/09/2566 16:15:36,1
"27,148",Male,นาย,จิรศิลป์,,เบ็ญจะมโน,314,ID335 : Studio 7-Central-Pinklao,PIA,335,ID335 : Studio 7-Central-Pinklao,466,พ. 28/05/2568 13:35:57,TRUE,0,,FALSE,"16,764",ถาวร,จ. 25/09/2566 09:37:19,"32,662",ณรงค์,พ. 08/07/2569 10:35:14,จ. 25/09/2566 09:37:19,1
"27,474",Female,นางสาว,เบญจวรรณ,,เนียงหนองคู,314,ID335 : Studio 7-Central-Pinklao,Stock Monitoring,335,ID335 : Studio 7-Central-Pinklao,-1,,,0,,FALSE,"24,140",ปานหทัย,อ. 07/11/2566 19:23:46,"12,147",กาญจน์ชฎาภา,จ. 22/09/2568 09:39:05,อ. 07/11/2566 19:23:46,1
"29,515",Female,นางสาว,จิราพรรณ,หน่อย,ดาบด้วน,314,ID335 : Studio 7-Central-Pinklao,PIA,335,ID335 : Studio 7-Central-Pinklao,-1,,,0,,FALSE,"28,661",อมรา,ศ. 06/09/2567 14:26:24,"12,147",กาญจน์ชฎาภา,จ. 22/09/2568 09:39:20,ศ. 06/09/2567 14:26:24,1
"30,356",Male,นาย,ศุภโชค,หนึ่ง,กัญญมาสา,314,ID335 : Studio 7-Central-Pinklao,PIA BTB Dedicate (1 ปี),335,ID335 : Studio 7-Central-Pinklao,-1,,,0,,FALSE,"28,661",อมรา,จ. 27/01/2568 14:34:30,"12,147",กาญจน์ชฎาภา,จ. 22/09/2568 09:39:27,จ. 27/01/2568 14:34:30,1
"32,032",Male,นาย,วิจารณ์,,ตระกูลคุณานนท์,314,ID335 : Studio 7-Central-Pinklao,Cashier,335,ID335 : Studio 7-Central-Pinklao,287,อา. 23/11/2568 12:46:09,FALSE,0,,FALSE,"28,661",อมรา,พฤ. 04/09/2568 16:05:47,"32,662",ณรงค์,พ. 08/07/2569 10:35:35,พฤ. 04/09/2568 16:05:47,1
"32,601",Female,นางสาว,จุฬาลักษณ์,,ปุริสพันธ์,314,ID335 : Studio 7-Central-Pinklao,Part Time,335,ID335 : Studio 7-Central-Pinklao,-1,,,0,,FALSE,"29,919",ณฐกันต์,ศ. 17/10/2568 15:22:15,"29,919",ณฐกันต์,อ. 02/12/2568 15:49:08,ศ. 17/10/2568 15:22:15,1
"32,994",Female,นางสาว,สรัญญา,,เกตุโชติ,314,ID335 : Studio 7-Central-Pinklao,PIA,335,ID335 : Studio 7-Central-Pinklao,-1,,,0,,FALSE,"31,560",ปภาวรินทร์,อ. 02/12/2568 16:11:24,"31,560",ปภาวรินทร์,อ. 02/12/2568 16:11:24,อ. 02/12/2568 16:11:24,1
"33,231",Male,นาย,ชลันธร,,หิรัญชวโรจน์,314,ID335 : Studio 7-Central-Pinklao,PIA BTB Dedicate,335,ID335 : Studio 7-Central-Pinklao,-1,,,0,,FALSE,"31,776",วรรณรัตน์,พ. 07/01/2569 13:34:30,"31,776",วรรณรัตน์,พ. 07/01/2569 13:34:30,พ. 07/01/2569 13:34:30,1
"33,683",Male,นาย,กิตติพศ,,โจฬา,314,ID335 : Studio 7-Central-Pinklao,PIA,335,ID335 : Studio 7-Central-Pinklao,-1,,,0,,FALSE,"33,264",ปภาวรินทร์,จ. 23/02/2569 15:16:39,"33,264",ปภาวรินทร์,จ. 23/02/2569 15:16:39,จ. 23/02/2569 15:16:39,1
"34,228",Male,นาย,วรเวทย์,,เกงขุนทด,314,ID335 : Studio 7-Central-Pinklao,Bilateral Student (ทวิภาคี),335,ID335 : Studio 7-Central-Pinklao,-1,,,0,,FALSE,"31,776",วรรณรัตน์,ศ. 10/04/2569 16:00:28,"28,661",อมรา,พฤ. 06/08/2569 09:50:14,ศ. 10/04/2569 16:00:28,1
"34,701",Male,นาย,อาทิตย์,,กุลมาตย์,314,ID335 : Studio 7-Central-Pinklao,Bilateral Student (ทวิภาคี),335,ID335 : Studio 7-Central-Pinklao,-1,,,0,,FALSE,"14,657",สุพจน์,พฤ. 30/04/2569 11:58:57,"14,657",สุพจน์,พฤ. 30/04/2569 11:58:57,พฤ. 30/04/2569 11:58:57,1
"35,389",Male,นางสาว,กนกวรรณ,,แก้วจันทร์,314,ID335 : Studio 7-Central-Pinklao,Cashier,335,ID335 : Studio 7-Central-Pinklao,-1,,,0,,FALSE,"33,264",ปภาวรินทร์,พฤ. 02/07/2569 14:33:53,"33,264",ปภาวรินทร์,พฤ. 02/07/2569 14:33:53,พฤ. 02/07/2569 14:33:53,1
"35,402",Female,นางสาว,อธิติยา,,จำปาบุรี,314,ID335 : Studio 7-Central-Pinklao,Supersales - Apple,335,ID335 : Studio 7-Central-Pinklao,-1,,,0,,FALSE,"33,264",ปภาวรินทร์,ศ. 03/07/2569 14:20:54,"16,764",ถาวร,พ. 08/07/2569 11:57:36,ศ. 03/07/2569 14:20:54,1
"35,935",Female,นางสาว,ยุวรรณ,,เจริญผล,314,ID335 : Studio 7-Central-Pinklao,PIA,335,ID335 : Studio 7-Central-Pinklao,-1,,,0,,FALSE,"31,776",วรรณรัตน์,ศ. 28/08/2569 15:22:21,"31,776",วรรณรัตน์,ศ. 28/08/2569 15:22:21,ศ. 28/08/2569 15:22:21,1
"28,682",Male,นาย,วิจารณ์,,ตระกูลคุณานนท์,314,ID182 : BN-Central-Pinklao,Cashier,182,ID182 : BN-Central-Pinklao,287,อา. 23/11/2568 12:46:09,FALSE,0,,FALSE,"28,661",อมรา,พฤ. 04/09/2568 16:05:47,"32,662",ณรงค์,พ. 08/07/2569 10:35:35,พฤ. 04/09/2568 16:05:47,1