Branch ID 	ID	 ชื่อพนักงาน 	Position	Total	 Mac 	 iPad 	 iPhone 	 iPod 	 Apple Watch 	 BTB(Apple) 	 BTB 	 SIM 
335	5667	ชญานิศ 	BM	 -   	 - 	 - 	 - 	 - 	 - 	 - 	 - 	 - 
335	9007	เรนุกา	ABM	 -   	 - 	 - 	 - 	 - 	 - 	 - 	 - 	 - 
335	13858	ปัญญา	Trainer	 -   	 - 	 - 	 - 	 - 	 - 	 - 	 - 	 - 
335	25864	ปิยพร 	Presenter	 -   	 - 	 - 	 - 	 - 	 - 	 - 	 - 	 - 
335	27474	เบญจวรรณ	Stock monitoring	 -   	 - 	 - 	 - 	 - 	 - 	 - 	 - 	 - 
335	15484	วงษกร 	Cashier	 -   	 - 	 - 	 - 	 - 	 - 	 - 	 - 	 - 
335	32032	วิจารณ์	Cashier	 -   	 - 	 - 	 - 	 - 	 - 	 - 	 - 	 - 
335	13006	ณัฐวัฒน์ 	PIS	 -   	 - 	 - 	 - 		 - 	 - 	 - 	 - 
335	6118	อัครวัฒน์ 	PIS	 -   	 - 	 - 	 - 		 - 	 - 	 - 	 - 
335	15869	แทน 	PIA	 5,493,114 	 730,250 	 1,134,691 	 2,778,411 		 98,247 	 371,482 	 380,012 	 19 
335	24634	พรหมนุสรณ์	PIA	 5,493,114 	 730,250 	 1,134,691 	 2,778,411 		 98,247 	 371,482 	 380,012 	 19 
335	22021	ชญานนท์ 	PIA	 5,493,114 	 730,250 	 1,134,691 	 2,778,411 		 98,247 	 371,482 	 380,012 	 19 
335	23670	นพวรรณ	PIA	 5,493,114 	 730,250 	 1,134,691 	 2,778,411 		 98,247 	 371,482 	 380,012 	 19 
335	27050	จิรภัทร  	PIA	 5,493,114 	 730,250 	 1,134,691 	 2,778,411 		 98,247 	 371,482 	 380,012 	 19 
335	20186	สุนิสา	PIA	 5,493,114 	 730,250 	 1,134,691 	 2,778,411 		 98,247 	 371,482 	 380,012 	 19 
335	29515	จิราพรรณ	PIA	 5,493,114 	 730,250 	 1,134,691 	 2,778,411 		 98,247 	 371,482 	 380,012 	 19 
335	27148	จิรศิลป์	PIA	 5,493,114 	 730,250 	 1,134,691 	 2,778,411 		 98,247 	 371,482 	 380,012 	 19 
335	32994	สรัญญา	PIA	 5,493,114 	 730,250 	 1,134,691 	 2,778,411 		 98,247 	 371,482 	 380,012 	 19 
335	33683	กิตติพศ	PIA	 5,493,114 	 730,250 	 1,134,691 	 2,778,411 		 98,247 	 371,482 	 380,012 	 19 
335	35935	ยุวรรณ	PIA	 5,493,114 	 730,250 	 1,134,691 	 2,778,411 		 98,247 	 371,482 	 380,012 	 19 